method,mean,std,min,p2.5,p25,median,p75,p97.5,max
Pooled t,0.65205,0.015126850565805207,0.596,0.623925,0.643,0.653,0.662,0.6790250000000001,0.696
Welch t,0.648415,0.015098762803321175,0.592,0.6199749999999999,0.63875,0.65,0.658,0.6750250000000001,0.693
Yuen (trim=0.2),0.9555349999999998,0.006521612696320143,0.937,0.9429749999999999,0.951,0.9555,0.96,0.968025,0.97
